3400 IDAHO AVE NW # 402,WASHINGTON,DC,20016
1130 17TH ST NW # 200,WASHINGTON,DC,20036
324 RIDGE RD SE # 11,WASHINGTON,DC,44123
4201 MASSACHUSETTS AVE NW # A320C,WASHINGTON,DC,20016
1198 KENYON ST NW,WASHINGTON,DC,20010
1377 LEEGATE RD,WASHINGTON,DC,20012
1010 VERMONT AVENUE NORTHWEST SUIT E 810,WASHINGTON,DC,20005
1801 CLYDES DL NW APT 211,WASHINGTON,DC,20009
1255 NIW HAMPSHIRE AVE NW # 101,WASHINGTON,DC,20036
1615 L ST NW # 700,WESHINGTON,DC,20036
220 I STREET NORTHEAST SUITE 100,WASHINGTON,DC,20002
1725 K ST NW # 101,WASHINGTON,DC,20006
2112 F ST NW # 701,WASHINGTON,DC,20037
3216 39TH ST,WASHINGTON,DC,
400 SEVENTH STREET NORTHWEST SUITE 600,WASHINGTON,DC,20004
5899 4TH ST,WASHINGTON,DC,
1420 16TH ST NW # 1,WASHINGTON,DC,20036
2900 ADAMS ML NW APT 201,WASHINGTON,DC,20009
1010 VERMONT AVE NW # 910,WASHINGTON,DC,20005
424 RIDGE RD SE # 201,WASHINGTON,DC,10027
1625 K STREET NORTHWEST SUITE 1190,WASHINGTON,DC,20006
2412 FRANKLIN ST NE # 403,WASHINGTON,DC,20018
3050 K ST NW # 330,WASHINGTON,DC,20007
1624 27TH ST SE # 102,WASHINGTON,DC,20020
777 FOURTEENTH STREET NORTHWEST SU ITE 310,WASHINGTON,DC,20005
2920 LANGSTON PLACE SOUTHEAST APAR TMENT 101,WASHINGTON,DC,20020
1400 L ST NW # 400,WASHINGTON,DC,20005
3138 BUENA VIS SE APT 1,WASHINGTON,DC,20020
200 K ST NW # 210,WASHINGTON,DC,20001
1445 BUCHANAN ST,WASHINGTON,DC,
1400 I ST NW # 1100,WASHINGTON,DC,20005
2200 40TH PLACE NORTHWEST APARTMEN T 1,WASHINGTON,DC,20007
5205 KARL PL,WASHINGTON,DC,20019
1615 M ST NW # 100,WASHINGTON,DC,20036
1925 LAWRENCE ST,WASHINGTON,DC,20018
2509 CLIFFBORNEPLACE NW APT B,WASHINGTON,DC,20009
818 MADISON NW,WASHINGTON,DC,20011
1400 I ST NW # 1100,WOSHINGTON,DC,20005
4900 MASSACHUSETTS AVE NW # 230,WASHINGTON,DC,20016
330 RHODE IS NE APT 112,WASHINGTON,DC,20002
3970 PENNSYLVANIA AVENUE SOUTHEAST APARTMENT 310,WASHINGTON,DC,20020
2035 H ST NW,WASHINGTON,DC,
2700 WISCONSIN AVENUE NORTHWEST AP ARTMENT 111,WASHINGTON,DC,20007
1705 P ST NW # B1,WASHINGTON,DC,20036
1717 MASSACHUSETTS AVE NW # 403,WASHINGTON,DC,20036
1319 F STREET NORTHWEST SUITE 820,WASHINGTON,DC,20004
3023 14TH ST NW # 408,WASHINGTON,DC,20009
2300 N ST NW # 700,WASHINGTON,DC,20037
807 G NE,WASHINGTON,DC,
4201 COTHEDRAL AVE NW # 1112E,WASHINGTON,DC,20016
3350 DIX ST,WESHINGTON,DC,20019
200 RHODE IS NE APT 2,WASHINGTON,DC,20002
333 CONSTITUTION AVE NW # 5329,WASHINGTON,DC,20001
1634 I ST NW # 600,WASHINGTON,DC,20006
1819 H ST NW # 400,WASHINGTON,DC,20006
1428 Q ST,WASHINGTON,DC,
1010 VERMONT AVENUE NORTHWEST SUIT E 402,WASHINGTON,DC,20005
5449 NAW HAMPSHIRE NW,WASHINGTON,DC,20011
2000 M ST NW # 580,WASHINGTON,DC,20036
811 JEFFERSON ST NW # 202,WASHINGTON,DC,10159
7036 EASTERN AVE NW # 1,WASHINGTON,DC,20012
646 CHAPLIN ST,WASHINGTON,DC,
812 JEFFERSON ST NW # 309,WASHINGTON,DC,77061
2130 P STREET NORTHWEST APARTMENT 908,WASHINGTON,DC,20037
1729 H STREET NORTHWEST SUITE 400,WASHINGTON,DC,20006
1522 K ST NW # 920,WASHINGTON,DC,20005
1701 PENNSYLVANIA AVE NW # 1050,WASHINGTON,DC,20006
1140 CONNECTICUT AVENUE NORTHWEST SUITE 900,WASHINGTON,DC,20036
3327 FOURTEENTH PLACE SOUTHEAST AP ARTMENT 101,WASHINGTON,DC,20032
1010 VERMONT AVENUE NORTHWEST SUIT E 514,WASHINGTON,DC,20005
1901 COLUMBIA ROAD NORTHWEST APART MENT 501,WASHINGTON,DC,20009
1825 K STREET NORTHWEST SUITE 400,WASHINGTON,DC,20006
588 RANDOLPH ST,WASHINGTON,DC,20011
1327 E CAPITOL SE,WASHINGTON,DC,20003
1875 I STREET NORTHWEST SUITE 900,WASHINGTON,DC,20006
1650 HARVARD STREET NORTHWEST APAR TMENT 116,WASHINGTON,DC,20009
1990 M STREET NORTHWEST SUITE 800,WASHINGTON,DC,20036
1424 L STREET SOUTHEAST APARTMENT 1,WASHINGTON,DC,20003
2000 K ST NW # 700,WASHINGTON,DC,20006
3919 7TH ST NE # 1,WASHINGTON,DC,20017
2510 POMEROY ROAD SOUTHEAST APARTM ENT 401,WASHINGTON,DC,20020
2025 O ST,WASHINGTON,DC,20036
5929 E CAPITOL ST SE # 817,WASHINGTON,DC,20019
1634 I STREET NORTHWEST SUITE 500,WASHINGTON,DC,20006
692 L ST,WASHINGTON,DC,
3011 ONTARIO RD NW # 1,WASHINGTON,DC,20009
1709 NEW YORK AVE NW # 801,WASHINGTON,DC,20006
700 Q ST NW # 2A,WASHINGTON,DC,20001
1401 NEW YORK AVE NW # 400,WASHINGTON,DC,20005
1345 14TH ST NW # 1,WESHINGTON,DC,20005
1156 FIFTEENTH STREET NORTHWEST SU ITE 401,WASHINGTON,DC,20005
4201 CATHEDRAL AVE NW # 1009W,WASHINGTON,DC,20016
805 15TH ST NW # 700,WASHINGTON,DC,20005
1420 K ST NW # 204,WASHINGTON,DC,20005
1900 M ST NW # 800,WASHINGTON,DC,20036
1526 17TH ST NW # B1,WASHINGTON,DC,20036
1015 33RD ST NW # 610,WASHINGTON,DC,20007
5004 2ND ST NW # 1,WASHINGTON,DC,20011
601 NEWHAMPSHIRE AVE NW,WASHINGTON,DC,
5225 WISCONSIN AVE NW # 500,WASHINGTON,DC,20015
2550 M STREET NORTHWEST SUITE 305,WASHINGTON,DC,20037
2801 FOURTEENTH STREET NORTHWEST A PARTMENT 708,WASHINGTON,DC,20009
1647 WEST VIRGINIA AVENUE NORTHEAS T APARTMENT 1,WASHINGTON,DC,20002
1218 PENN ST NE # 1,WASHINGTON,DC,20002
1001 22ND ST NW # 150B,WASHINGTON,DC,20037
3901 LANGLEY COURT NORTHWEST APART MENT B554,WASHINGTON,DC,20016
1110 COLUMBIA ROAD NORTHWEST APART MENT 10,WASHINGTON,DC,20009
4582 BOWEN RD,WASHINGTON,DC,
1825 VERNON STREET NORTHWEST APART MENT 8,WASHINGTON,DC,20009
514 TENTH STREET NORTHWEST SUITE 4,WASHINGTON,DC,20004
3002 RODMAN ST NW # 403,WASHINGTON,DC,20008
1837 TAMARACK ST,WASHINGTON,DC,
444 N CAPITOL ST NW # 349,WASHINGTON,DC,20001
1404 LONGFELLOW STREET NORTHWEST A PARTMENT 1,WASHINGTON,DC,20011
1145 NINETEENTH STREET NORTHWEST S UITE 802,WASHINGTON,DC,20036
6476 BARNABY ST,WASHINGTON,DC,
613 EMERSON ST NE,WASHINGTON,DC,
5301 WESCONSIN AVE NW # 210,WASHINGTON,DC,20015
4201 CATHEDRAL AVENUE NORTHWEST AP ARTMENT 420E,WASHINGTON,DC,20016
1133 20TH ST NW # 600,WASHINGTON,DC,20036
1015 15TH ST NW # 1200,WASHINGTON,DC,20005
3861 NEWARK STREET NORTHWEST APART MENT E467,WASHINGTON,DC,20016
1901 PANNSYLVANIA AVE NW # 505,WASHINGTON,DC,20006
1439 EUCLID STREET NORTHWEST APART MENT 1,WASHINGTON,DC,20009
1474 CELUMBIA RD NW # 206,WASHINGTON,DC,20009
1150 SEVENTEENTH STREET NORTHWEST SUITE 1200,WASHINGTON,DC,20036
1211 CONNECTICUT AVE NW # 1,WASHINGTON,DC,20036
1400 I STREET NORTHWEST SUITE 530,WASHINGTON,DC,20005
4441 WISCONSIN AVE NW # 2,WASHINGTON,DC,20016
4642 LIVINGSTON ROAD SOUTHEAST APA RTMENT 101,WASHINGTON,DC,20032
3412 THIRTEENTH STREET SOUTHEAST A PARTMENT 1,WASHINGTON,DC,20032
600 NEW HAMPSHIRE AVENUE NORTHWEST SUITE 600,WASHINGTON,DC,20037
2120 L ST NW # 220,WASHINGTON,DC,20037
1110 VERMONT AVE NW # 1160,WASHINGTON,DC,20005
403 RIDGE RD SE # 101,WASHINGTON,DC,60619
1020 NINETEENTH STREET NORTHWEST S UITE 200,WASHINGTON,DC,20036
357 BUCHANAN ST,WASHINGTON,DC,
1111 14TH ST NW # 501,WASHINGTON,DC,20005
1420 CHAPIN STREET NORTHWEST APART MENT 101,WASHINGTON,DC,20009
701 OTIS PL NW # 101,WASHINGTON,DC,20010
5457 CATHEDRAL AVE,WASHINGTON,DC,
400 1ST ST NW # 704,WASHINGTON,DC,20001
1818 N ST NW # 600,WASHINGTON,DC,20036
1400 K ST NW # 900,WASHINGTON,DC,20005
1827 KENDALL ST NE # 1,WASHINGTON,DC,20002
1350 NEW YORK AVENUE NORTHWEST SUI TE 207,WASHINGTON,DC,20005
808 17TH ST NW # 200,WASHINGTON,DC,20006
7600 GEORGIA AVE NW # 401,WASHINGTON,DC,20012
2112 NEW HAMPSHIRE AVENUE NORTHWES T APARTMENT 103,WASHINGTON,DC,20009
704 3RD ST NW # 42,WASHINGTON,DC,20001
1350 NEW YORK AVE NW # B,WASHINGTON,DC,20005
629 MELLON ST SE # 1,WASHINGTON,DC,20032
1201 PANNSYLVANIA AVE NW # 240,WASHINGTON,DC,20004
669 INDEPENDENCE AVE,WASHINGTON,DC,
1825 NEW HAMPSHIRE AVENUE NORTHWES T APARTMENT 408,WASHINGTON,DC,20009
777 14TH ST NW # 520,WASHINGTON,DC,20005
5415 CONNECTICUT AVENUE NORTHWEST SUITE B,WASHINGTON,DC,20015
4115 WASCONSIN AVE NW # 408,WASHINGTON,DC,20016
119 RIDGE RD SE # 11,WASHINGTON,DC,10028
3336 DUBOIS PL SE # 1,WASHINGTON,DC,20019
4126 MASSACHUSETTS AVE,WASHINGTON,DC,
1328 ADAMS ST NE # 1,WESHINGTON,DC,20018
4187 WARREN ST,WASHINGTON,DC,
2030 M ST NW # 400,WISHINGTON,DC,20036
1925 K STREET NORTHWEST SUITE 407,WASHINGTON,DC,20006
2500 MARTIN LUTHER KING JR AVE,WASHINGTON,DC,
4201 CATHEDRAL AVENUE NORTHWEST AP ARTMENT 520E,WASHINGTON,DC,20016
106 IRVING ST NW # 303,WASHINGTON,DC,20010
226 KENTUCKY AVENUE SOUTHEAST APAR TMENT 1,WASHINGTON,DC,20003
815 16TH ST NW # 301,WASHINGTON,DC,20006
1129 TWENTIETH STREET NORTHWEST SU ITE 509,WASHINGTON,DC,20036
240 M ST SW # 508,WUSHINGTON,DC,20024
1868 COLUMBIA ROAD NORTHWEST APART MENT 303,WASHINGTON,DC,20009
1020 NINETEENTH STREET NORTHWEST S UITE 320,WASHINGTON,DC,20036
3504 13TH ST SE # 1,WASHINGTON,DC,20032
2070 BELMONT RD NW # 301,WASHINGTON,DC,20009
214 MOSSACHUSETTS AVE NE # 300,WASHINGTON,DC,20002
811 JEFFERSON ST NW # 201,WASHINGTON,DC,10457
2526 P ST,WASHINGTON,DC,
440 FIRST STREET NORTHWEST SUITE 3 10,WASHINGTON,DC,20001
2011 I STREET NORTHWEST SUITE 100,WASHINGTON,DC,20006
3313 14TH PL SE # 101,WASHINGTON,DC,20032
1825 K ST NW # 305,WASHINGTON,DC,20006
1307 TWELFTH STREET NORTHWEST APAR TMENT 406,WASHINGTON,DC,20005
2634 TUNLAW RD NW # B1,WESHINGTON,DC,20007
1010 WISCONSIN AVE NW # 250,WASHINGTON,DC,20007
1803 BILTMORE ST NW # 600,WASHINGTON,DC,20009
4484 39TH ST,WASHINGTON,DC,
1275 K ST NW # 770,WASHINGTON,DC,20005
1112 16TH ST NW # 420,WASHINGTON,DC,20036
1301 PENNSYLVANIA AVENUE NORTHWEST SUITE 1100,WASHINGTON,DC,20004
1801 K STREET NORTHWEST SUITE 500K,WASHINGTON,DC,20006
2233 WUSCONSIN AVE NW # 316,WASHINGTON,DC,20007
1875 MANTWOOD PL NW # 41,WASHINGTON,DC,20009
2628 TUNLAW ROAD NORTHWEST APARTME NT B3,WASHINGTON,DC,20007
1862 ONTARIOPLACE NW APT 4,WASHINGTON,DC,20009
1568 31ST ST,WASHINGTON,DC,20007
440 G ST NW,WASHINGTON,DC,
2430 E ST NW,WASHINGTON,DC,
1735 I ST NW # 715,WOSHINGTON,DC,20006
